DSPAWN,DSTART,TIME,TANK_ID,AQUARIA_ID,TILE_ID,COLUMN_NO,ROW_NO,COLUMN_UNIQUE,ROW_UNIQUE,DENSITY,GENUS,SPECIES,ADULT,REP_AQUARIA,REP_TILE,SETTLE_PHOTO,SETTLE_COUNT,OBSERVER,TOOL,SETTLE_TISSUE,SETTLE_S,SETTLE_D,SETTLE_P,SETTLE_DEN,STP1_COUNT,STP1_OBSERVER,STP1_TOOL,STP1_DEAD,STP1_S,STP1_D,STP1_P,TREAT_STP1_P,STP1_DEN,STP2_OBSERVER,TOOL,STP2_DEAD,STP2_S,STP2_D,SET_STP2_D,STP2_P,STP2_DEN,SET_STP2_P,TREAT_STP2_P
12-Apr-17,18-Apr-17,4-5pm,TANK1,1,1,1,1,1,1,10,Acropora,Acropora_digitifera,PRESENT,A1,T1,22-Apr-17,25-Apr-17,John,Dinoscope,yes,7,3,0.7,0.102,30-Apr-17,Sun,Dinoscope,yes,6,1,0.86,0.6,0.087,Kelly,Disecting,yes,6,0,1,1,0.09,0.86,0.6
12-Apr-17,18-Apr-17,4-5pm,TANK1,1,2,1,2,1,2,50,Acropora,Acropora_digitifera,PRESENT,A1,T1,22-Apr-17,25-Apr-17,John,Dinoscope,yes,23,27,0.46,0.335,30-Apr-17,Sun,Dinoscope,yes,23,0,1,0.46,0.335,Kelly,Disecting,yes,21,2,2,0.91,0.31,0.91,0.42
12-Apr-17,18-Apr-17,4-5pm,TANK1,1,3,1,3,1,3,100,Acropora,Acropora_digitifera,PRESENT,A1,T1,22-Apr-17,25-Apr-17,John,Dinoscope,yes,17,83,0.17,0.248,30-Apr-17,Sun,Dinoscope,yes,16,1,0.94,0.16,0.233,Kelly,Disecting,yes,8,8,9,0.5,0.12,0.47,0.08
12-Apr-17,18-Apr-17,4-5pm,TANK1,1,4,1,4,1,4,200,Acropora,Acropora_digitifera,PRESENT,A1,T1,22-Apr-17,25-Apr-17,John,Dinoscope,yes,4,196,0.02,0.058,30-Apr-17,Sun,Dinoscope,yes,1,3,0.25,0.005,0.015,Kelly,Disecting,yes,1,0,3,1,0.01,0.25,0.005
12-Apr-17,18-Apr-17,4-5pm,TANK1,1,5,2,1,2,1,50,Acropora,Acropora_digitifera,PRESENT,A1,T2,22-Apr-17,26-Apr-17,John,Dinoscope,yes,19,31,0.38,0.277,30-Apr-17,Sun,Dinoscope,yes,17,2,0.89,0.34,0.248,Kelly,Disecting,yes,15,2,4,0.88,0.22,0.79,0.3
12-Apr-17,18-Apr-17,4-5pm,TANK1,1,6,2,2,2,2,10,Acropora,Acropora_digitifera,PRESENT,A1,T2,22-Apr-17,26-Apr-17,John,Dinoscope,yes,4,6,0.4,0.058,30-Apr-17,Sun,Dinoscope,yes,2,2,0.5,0.2,0.029,Kelly,Disecting,yes,2,0,2,1,0.03,0.5,0.2
12-Apr-17,18-Apr-17,4-5pm,TANK1,1,7,2,3,2,3,200,Acropora,Acropora_digitifera,PRESENT,A1,T2,22-Apr-17,26-Apr-17,John,Dinoscope,yes,19,181,0.095,0.277,30-Apr-17,Sun,Dinoscope,yes,16,3,0.84,0.08,0.233,Kelly,Disecting,yes,6,10,13,0.38,0.09,0.32,0.03
12-Apr-17,18-Apr-17,4-5pm,TANK1,1,8,2,4,2,4,100,Acropora,Acropora_digitifera,PRESENT,A1,T2,22-Apr-17,26-Apr-17,John,Dinoscope,yes,1,99,0.01,0.015,30-Apr-17,Sun,Dinoscope,yes,1,0,1,0.01,0.015,Kelly,Disecting,yes,0,1,1,0,0,0,0
12-Apr-17,18-Apr-17,4-5pm,TANK1,1,9,3,1,3,1,100,Acropora,Acropora_digitifera,PRESENT,A1,T3,22-Apr-17,26-Apr-17,Sun,Dinoscope,yes,9,91,0.09,0.131,30-Apr-17,Sun,Dinoscope,yes,9,0,1,0.09,0.131,Kelly,Disecting,yes,5,4,4,0.56,0.07,0.56,0.05
12-Apr-17,18-Apr-17,4-5pm,TANK1,1,10,3,2,3,2,200,Acropora,Acropora_digitifera,PRESENT,A1,T3,22-Apr-17,26-Apr-17,John,Dinoscope,yes,5,195,0.025,0.073,30-Apr-17,Sun,Dinoscope,yes,3,2,0.6,0.015,0.044,Carrie,Disecting,yes,2,1,3,0.67,0.03,0.4,0.01
12-Apr-17,18-Apr-17,4-5pm,TANK1,1,11,3,3,3,3,10,Acropora,Acropora_digitifera,PRESENT,A1,T3,22-Apr-17,26-Apr-17,Sun,Dinoscope,yes,6,4,0.6,0.087,30-Apr-17,Sun,Dinoscope,yes,6,0,1,0.6,0.087,Carrie,Disecting,yes,2,4,4,0.33,0.03,0.33,0.2
12-Apr-17,18-Apr-17,4-5pm,TANK1,1,12,3,4,3,4,50,Acropora,Acropora_digitifera,PRESENT,A1,T3,22-Apr-17,26-Apr-17,Sun,Dinoscope,yes,22,28,0.44,0.32,30-Apr-17,Sun,Dinoscope,yes,19,3,0.86,0.38,0.277,Carrie,Disecting,yes,1,18,21,0.05,0.01,0.05,0.02
13-Apr-17,19-Apr-17,12-1pm,TANK1,2,13,1,1,4,5,200,Acropora,Acropora_gemmifera,ABSENT,A1,T1,23-Apr-17,24-Apr-17,John,Dinoscope,no,14,186,0.07,0.204,30-Apr-17,Simo,Dinoscope,no,14,0,1,0.07,0.204,Carrie,Disecting,no,2,12,12,0.14,0.03,0.14,0.01
13-Apr-17,19-Apr-17,12-1pm,TANK1,2,14,1,2,4,6,100,Acropora,Acropora_gemmifera,ABSENT,A1,T1,23-Apr-17,24-Apr-17,John,Dinoscope,no,16,84,0.16,0.233,30-Apr-17,Simo,Dinoscope,no,15,1,0.94,0.15,0.218,Carrie,Disecting,no,8,7,8,0.53,0.12,0.5,0.08
13-Apr-17,19-Apr-17,12-1pm,TANK1,2,15,1,3,4,7,10,Acropora,Acropora_gemmifera,ABSENT,A1,T1,23-Apr-17,24-Apr-17,John,Dinoscope,no,3,7,0.3,0.044,30-Apr-17,Simo,Dinoscope,no,1,2,0.33,0.1,0.015,Carrie,Disecting,no,1,0,2,1,0.01,0.33,0.1
13-Apr-17,19-Apr-17,12-1pm,TANK1,2,16,1,4,4,8,50,Acropora,Acropora_gemmifera,ABSENT,A1,T1,23-Apr-17,24-Apr-17,John,Dinoscope,no,7,43,0.14,0.102,30-Apr-17,Simo,Dinoscope,no,7,0,1,0.14,0.102,Carrie,Disecting,no,7,0,0,1,0.1,1,0.14
13-Apr-17,19-Apr-17,12-1pm,TANK1,2,17,2,1,5,5,50,Acropora,Acropora_gemmifera,ABSENT,A1,T2,23-Apr-17,24-Apr-17,John,Dinoscope,no,4,46,0.08,0.058,30-Apr-17,Simo,Dinoscope,no,3,1,0.75,0.06,0.044,Carrie,Disecting,no,3,0,1,1,0.04,0.75,0.06
13-Apr-17,19-Apr-17,12-1pm,TANK1,2,19,2,3,5,7,200,Acropora,Acropora_gemmifera,ABSENT,A1,T2,23-Apr-17,25-Apr-17,John,Dinoscope,no,58,142,0.29,0.845,30-Apr-17,Simo,Dinoscope,no,51,7,0.88,0.255,0.743,Carrie,Disecting,no,0,51,58,0,0,0,0
13-Apr-17,19-Apr-17,12-1pm,TANK1,2,20,2,4,5,8,100,Acropora,Acropora_gemmifera,ABSENT,A1,T2,23-Apr-17,25-Apr-17,John,Dinoscope,no,5,95,0.05,0.073,30-Apr-17,Simo,Dinoscope,no,4,1,0.8,0.04,0.058,Carrie,Disecting,no,3,1,2,0.75,0.04,0.6,0.03
13-Apr-17,19-Apr-17,12-1pm,TANK1,2,21,3,1,6,5,200,Acropora,Acropora_gemmifera,ABSENT,A1,T3,23-Apr-17,25-Apr-17,John,Dinoscope,no,3,197,0.015,0.044,30-Apr-17,Carrie,Disecting,no,0,3,0,0,0,Carrie,Disecting,no,0,0,3,0,0,0,0
13-Apr-17,18-Apr-17,5-7pm,TANK1,3,25,1,1,7,9,50,Anacropora,Anacropora_spinosa,PRESENT,A1,T1,23-Apr-17,25-Apr-17,Carrie,Disecting,no,28,22,0.56,0.408,30-Apr-17,Carrie,Disecting,no,26,2,0.93,0.52,0.379,Carrie,Disecting,yes,15,11,13,0.58,0.22,0.54,0.3
13-Apr-17,18-Apr-17,5-7pm,TANK1,3,26,1,2,7,10,100,Anacropora,Anacropora_spinosa,PRESENT,A1,T1,23-Apr-17,26-Apr-17,Carrie,Disecting,no,55,45,0.55,0.801,30-Apr-17,Carrie,Disecting,no,54,1,0.98,0.54,0.786,Carrie,Disecting,yes,54,0,1,1,0.79,0.98,0.54
13-Apr-17,18-Apr-17,5-7pm,TANK1,3,27,1,3,7,11,10,Anacropora,Anacropora_spinosa,PRESENT,A1,T1,23-Apr-17,26-Apr-17,Carrie,Disecting,no,7,3,0.7,0.102,30-Apr-17,Carrie,Disecting,no,6,1,0.86,0.6,0.087,Carrie,Disecting,yes,6,0,1,1,0.09,0.86,0.6
13-Apr-17,18-Apr-17,5-7pm,TANK1,3,28,1,4,7,12,200,Anacropora,Anacropora_spinosa,PRESENT,A1,T1,23-Apr-17,26-Apr-17,Carrie,Disecting,no,70,130,0.35,1.02,30-Apr-17,Carrie,Disecting,no,68,2,0.97,0.34,0.99,Carrie,Disecting,yes,66,2,4,0.97,0.96,0.94,0.33
13-Apr-17,18-Apr-17,5-7pm,TANK1,3,29,2,1,8,9,10,Anacropora,Anacropora_spinosa,PRESENT,A1,T2,23-Apr-17,26-Apr-17,Carrie,Disecting,no,2,8,0.2,0.029,30-Apr-17,Carrie,Disecting,no,2,0,1,0.2,0.029,Carrie,Disecting,yes,2,0,0,1,0.03,1,0.2
13-Apr-17,18-Apr-17,5-7pm,TANK1,3,31,2,3,8,10,50,Anacropora,Anacropora_spinosa,PRESENT,A1,T2,23-Apr-17,26-Apr-17,Carrie,Disecting,no,14,36,0.28,0.204,30-Apr-17,Carrie,Disecting,no,14,0,1,0.28,0.204,Carrie,Disecting,yes,13,1,1,0.93,0.19,0.93,0.26
13-Apr-17,18-Apr-17,5-7pm,TANK1,3,32,2,4,8,11,100,Anacropora,Anacropora_spinosa,PRESENT,A1,T2,23-Apr-17,26-Apr-17,Carrie,Disecting,no,45,55,0.45,0.655,30-Apr-17,Carrie,Disecting,no,44,1,0.98,0.44,0.641,Carrie,Disecting,yes,40,4,5,0.91,0.58,0.89,0.4
13-Apr-17,19-Apr-17,6-7pm,TANK1,5,49,1,1,9,13,200,Acropora,Acropora_gemmifera,PRESENT,A1,T1,23-Apr-17,26-Apr-17,Sun,Dinoscope,no,3,197,0.015,0.044,30-Apr-17,Sun,Dinoscope,no,2,1,0.67,0.01,0.029,Simo,Disecting,no,1,1,2,0.5,0.01,0.33,0.005
13-Apr-17,19-Apr-17,6-7pm,TANK1,5,50,1,2,9,14,100,Acropora,Acropora_gemmifera,PRESENT,A1,T1,23-Apr-17,26-Apr-17,Sun,Dinoscope,no,1,99,0.01,0.015,30-Apr-17,Sun,Dinoscope,no,0,1,0,0,0,Simo,Disecting,no,0,0,1,0,0,0,0
13-Apr-17,19-Apr-17,6-7pm,TANK1,5,51,1,3,9,15,10,Acropora,Acropora_gemmifera,PRESENT,A1,T1,23-Apr-17,26-Apr-17,Sun,Dinoscope,no,6,4,0.6,0.087,30-Apr-17,Sun,Dinoscope,no,4,2,0.67,0.4,0.058,Simo,Disecting,no,4,0,2,1,0.06,0.67,0.4
13-Apr-17,19-Apr-17,6-7pm,TANK1,5,52,1,4,9,16,50,Acropora,Acropora_gemmifera,PRESENT,A1,T1,23-Apr-17,26-Apr-17,Sun,Dinoscope,no,1,49,0.02,0.015,30-Apr-17,Sun,Dinoscope,no,0,1,0,0,0,Simo,Disecting,no,0,0,1,0,0,0,0
13-Apr-17,19-Apr-17,6-7pm,TANK1,5,53,2,1,10,13,50,Acropora,Acropora_gemmifera,PRESENT,A1,T2,23-Apr-17,26-Apr-17,Sun,Dinoscope,no,1,49,0.02,0.015,30-Apr-17,Sun,Dinoscope,no,0,1,0,0,0,Simo,Disecting,no,0,0,1,0,0,0,0
13-Apr-17,19-Apr-17,6-7pm,TANK1,5,54,2,2,10,14,10,Acropora,Acropora_gemmifera,PRESENT,A1,T2,23-Apr-17,26-Apr-17,Sun,Dinoscope,no,3,7,0.3,0.044,30-Apr-17,Sun,Dinoscope,no,1,2,0.33,0.1,0.015,Simo,Disecting,no,1,0,2,1,0.01,0.33,0.1
13-Apr-17,19-Apr-17,6-7pm,TANK1,5,55,2,3,10,15,200,Acropora,Acropora_gemmifera,PRESENT,A1,T2,23-Apr-17,26-Apr-17,Sun,Dinoscope,no,4,196,0.02,0.058,30-Apr-17,Sun,Dinoscope,no,0,4,0,0,0,Simo,Disecting,no,0,0,4,0,0,0,0
13-Apr-17,19-Apr-17,6-7pm,TANK1,5,57,3,1,11,13,200,Acropora,Acropora_gemmifera,PRESENT,A1,T3,23-Apr-17,26-Apr-17,Sun,Dinoscope,no,1,199,0.005,0.015,30-Apr-17,Sun,Dinoscope,no,0,1,0,0,0,Simo,Disecting,no,0,0,1,0,0,0,0
12-Apr-17,18-Apr-17,4-5pm,TANK1,6,61,1,1,12,17,50,Acropora,Acropora_digitifera,ABSENT,A1,T1,22-Apr-17,22-Apr-17,John,Disecting,no,46,4,0.92,0.67,29-Apr-17,Sun,Dinoscope,no,46,0,1,0.92,0.67,Kelly,Disecting,no,0,46,46,0,0,0,0
12-Apr-17,18-Apr-17,4-5pm,TANK1,6,62,1,2,12,18,100,Acropora,Acropora_digitifera,ABSENT,A1,T1,22-Apr-17,22-Apr-17,John,Disecting,no,63,37,0.63,0.918,29-Apr-17,Sun,Dinoscope,no,57,6,0.9,0.57,0.83,Kelly,Disecting,no,3,54,60,0.05,0.04,0.05,0.03
12-Apr-17,18-Apr-17,4-5pm,TANK1,6,63,1,3,12,19,10,Acropora,Acropora_digitifera,ABSENT,A1,T1,22-Apr-17,22-Apr-17,John,Disecting,no,6,4,0.6,0.087,29-Apr-17,Sun,Dinoscope,no,6,0,1,0.6,0.087,Kelly,Disecting,no,1,5,5,0.17,0.01,0.17,0.1
12-Apr-17,18-Apr-17,4-5pm,TANK1,6,64,1,4,12,20,200,Acropora,Acropora_digitifera,ABSENT,A1,T1,22-Apr-17,22-Apr-17,John,Disecting,no,45,155,0.225,0.655,29-Apr-17,Sun,Dinoscope,no,43,2,0.96,0.215,0.626,Kelly,Disecting,no,3,40,42,0.07,0.04,0.07,0.015
12-Apr-17,18-Apr-17,4-5pm,TANK1,6,66,2,2,13,18,200,Acropora,Acropora_digitifera,ABSENT,A1,T2,22-Apr-17,22-Apr-17,John,Disecting,no,10,190,0.05,0.146,29-Apr-17,Sun,Dinoscope,no,3,7,0.3,0.015,0.044,Kelly,Disecting,no,2,1,8,0.67,0.03,0.2,0.01
12-Apr-17,18-Apr-17,4-5pm,TANK1,6,67,2,3,13,19,50,Acropora,Acropora_digitifera,ABSENT,A1,T2,22-Apr-17,22-Apr-17,John,Disecting,no,39,11,0.78,0.568,29-Apr-17,Sun,Dinoscope,no,27,12,0.69,0.54,0.393,Kelly,Disecting,no,0,27,39,0,0,0,0
12-Apr-17,18-Apr-17,4-5pm,TANK1,6,68,2,4,13,20,100,Acropora,Acropora_digitifera,ABSENT,A1,T2,22-Apr-17,22-Apr-17,John,Disecting,no,30,70,0.3,0.437,29-Apr-17,Sun,Dinoscope,no,29,1,0.97,0.29,0.422,Kelly,Disecting,no,7,22,23,0.24,0.1,0.23,0.07
12-Apr-17,18-Apr-17,4-5pm,TANK1,6,69,3,1,14,17,100,Acropora,Acropora_digitifera,ABSENT,A1,T3,22-Apr-17,22-Apr-17,John,Disecting,no,29,71,0.29,0.422,29-Apr-17,Sun,Dinoscope,no,26,3,0.9,0.26,0.379,Kelly,Disecting,no,4,22,25,0.15,0.06,0.14,0.04
12-Apr-17,18-Apr-17,4-5pm,TANK1,6,70,3,2,14,18,10,Acropora,Acropora_digitifera,ABSENT,A1,T3,22-Apr-17,22-Apr-17,John,Disecting,no,8,2,0.8,0.117,29-Apr-17,Sun,Dinoscope,no,5,3,0.63,0.5,0.073,Kelly,Disecting,no,3,2,5,0.6,0.04,0.38,0.3
12-Apr-17,18-Apr-17,4-5pm,TANK1,6,71,3,3,14,19,200,Acropora,Acropora_digitifera,ABSENT,A1,T3,22-Apr-17,22-Apr-17,John,Disecting,no,79,121,0.395,1.151,29-Apr-17,Sun,Dinoscope,no,68,11,0.86,0.34,0.99,Kelly,Disecting,no,9,59,70,0.13,0.13,0.11,0.045
12-Apr-17,18-Apr-17,4-5pm,TANK1,6,72,3,4,14,20,50,Acropora,Acropora_digitifera,ABSENT,A1,T3,22-Apr-17,22-Apr-17,John,Disecting,no,41,9,0.82,0.597,29-Apr-17,Sun,Dinoscope,no,33,8,0.8,0.66,0.481,Kelly,Disecting,no,11,22,30,0.33,0.16,0.27,0.22
13-Apr-17,18-Apr-17,5-7pm,TANK2,8,85,1,1,15,21,200,Anacropora,Anacropora_spinosa,PRESENT,A2,T1,23-Apr-17,26-Apr-17,Carrie,Disecting,no,104,96,0.52,1.515,01-May-17,Carrie,Disecting,no,78,26,0.75,0.39,1.136,Carrie,Disecting,no,72,6,32,0.92,1.05,0.69,0.36
13-Apr-17,18-Apr-17,5-7pm,TANK2,8,86,1,2,15,22,100,Anacropora,Anacropora_spinosa,PRESENT,A2,T1,23-Apr-17,26-Apr-17,Carrie,Disecting,no,61,39,0.61,0.888,01-May-17,Carrie,Disecting,no,54,7,0.89,0.54,0.786,Carrie,Disecting,no,47,7,14,0.87,0.68,0.77,0.47
13-Apr-17,18-Apr-17,5-7pm,TANK2,8,87,1,3,15,23,10,Anacropora,Anacropora_spinosa,PRESENT,A2,T1,23-Apr-17,26-Apr-17,Carrie,Disecting,no,1,9,0.1,0.015,01-May-17,Carrie,Disecting,no,1,0,1,0.1,0.015,Carrie,Disecting,no,1,0,0,1,0.01,1,0.1
13-Apr-17,18-Apr-17,5-7pm,TANK2,8,88,1,4,15,24,50,Anacropora,Anacropora_spinosa,PRESENT,A2,T1,23-Apr-17,26-Apr-17,Carrie,Disecting,no,15,35,0.3,0.218,01-May-17,Carrie,Disecting,no,15,0,1,0.3,0.218,Carrie,Disecting,no,15,0,0,1,0.22,1,0.3
13-Apr-17,18-Apr-17,5-7pm,TANK2,8,89,2,1,16,21,50,Anacropora,Anacropora_spinosa,PRESENT,A2,T2,23-Apr-17,26-Apr-17,Carrie,Disecting,no,15,35,0.3,0.218,01-May-17,Carrie,Disecting,no,15,0,1,0.3,0.218,Carrie,Disecting,no,13,2,2,0.87,0.19,0.87,0.26
13-Apr-17,18-Apr-17,5-7pm,TANK2,8,90,2,2,16,22,10,Anacropora,Anacropora_spinosa,PRESENT,A2,T2,23-Apr-17,26-Apr-17,Carrie,Disecting,no,1,9,0.1,0.015,01-May-17,Carrie,Disecting,no,1,0,1,0.1,0.015,Carrie,Disecting,no,0,1,1,0,0,0,0
13-Apr-17,18-Apr-17,5-7pm,TANK2,8,92,2,4,16,23,100,Anacropora,Anacropora_spinosa,PRESENT,A2,T2,23-Apr-17,26-Apr-17,Carrie,Disecting,no,41,59,0.41,0.597,01-May-17,Carrie,Disecting,no,40,1,0.98,0.4,0.583,Carrie,Disecting,no,38,2,3,0.95,0.55,0.93,0.38
13-Apr-17,18-Apr-17,5-7pm,TANK2,9,97,1,1,17,25,50,Anacropora,Anacropora_spinosa,ABSENT,A1,T1,22-Apr-17,23-Apr-17,Carrie,Disecting,no,34,16,0.68,0.495,29-Apr-17,Carrie,Disecting,no,29,5,0.85,0.58,0.422,Carrie,Disecting,no,26,3,8,0.9,0.38,0.76,0.52
13-Apr-17,18-Apr-17,5-7pm,TANK2,9,98,1,2,17,26,100,Anacropora,Anacropora_spinosa,ABSENT,A1,T1,22-Apr-17,23-Apr-17,Carrie,Disecting,no,58,42,0.58,0.845,29-Apr-17,Carrie,Disecting,no,54,4,0.93,0.54,0.786,Carrie,Disecting,no,51,3,7,0.94,0.74,0.88,0.51
13-Apr-17,18-Apr-17,5-7pm,TANK2,9,99,1,3,17,27,10,Anacropora,Anacropora_spinosa,ABSENT,A1,T1,22-Apr-17,23-Apr-17,Carrie,Disecting,no,5,5,0.5,0.073,29-Apr-17,Carrie,Disecting,no,5,0,1,0.5,0.073,Carrie,Disecting,no,5,0,0,1,0.07,1,0.5
13-Apr-17,18-Apr-17,5-7pm,TANK2,9,100,1,4,17,28,200,Anacropora,Anacropora_spinosa,ABSENT,A1,T1,22-Apr-17,23-Apr-17,Carrie,Disecting,no,127,73,0.635,1.85,29-Apr-17,Carrie,Disecting,no,122,5,0.96,0.61,1.777,Carrie,Disecting,no,116,6,11,0.95,1.69,0.91,0.58
13-Apr-17,18-Apr-17,5-7pm,TANK2,9,101,2,1,18,25,10,Anacropora,Anacropora_spinosa,ABSENT,A1,T2,22-Apr-17,23-Apr-17,Carrie,Disecting,no,8,2,0.8,0.117,29-Apr-17,Carrie,Disecting,no,8,0,1,0.8,0.117,Carrie,Disecting,no,7,1,1,0.88,0.1,0.88,0.7
13-Apr-17,18-Apr-17,5-7pm,TANK2,9,102,2,2,18,26,200,Anacropora,Anacropora_spinosa,ABSENT,A1,T2,22-Apr-17,23-Apr-17,Carrie,Disecting,no,136,64,0.68,1.981,29-Apr-17,Carrie,Disecting,no,136,0,1,0.68,1.981,Carrie,Disecting,no,132,4,4,0.97,1.92,0.97,0.66
13-Apr-17,18-Apr-17,5-7pm,TANK2,9,103,2,3,18,27,50,Anacropora,Anacropora_spinosa,ABSENT,A1,T2,22-Apr-17,24-Apr-17,Carrie,Disecting,no,18,32,0.36,0.262,29-Apr-17,Carrie,Disecting,no,18,0,1,0.36,0.262,Carrie,Disecting,no,16,2,2,0.89,0.23,0.89,0.32
13-Apr-17,18-Apr-17,5-7pm,TANK2,9,104,2,4,18,28,100,Anacropora,Anacropora_spinosa,ABSENT,A1,T2,22-Apr-17,24-Apr-17,Carrie,Disecting,no,81,19,0.81,1.18,29-Apr-17,Carrie,Disecting,no,80,1,0.99,0.8,1.165,Carrie,Disecting,no,78,2,3,0.98,1.14,0.96,0.78
13-Apr-17,18-Apr-17,5-7pm,TANK2,9,105,3,1,19,25,100,Anacropora,Anacropora_spinosa,ABSENT,A1,T3,22-Apr-17,24-Apr-17,Carrie,Disecting,no,75,25,0.75,1.092,29-Apr-17,Carrie,Disecting,no,72,3,0.96,0.72,1.049,Carrie,Disecting,no,65,7,10,0.9,0.95,0.87,0.65
13-Apr-17,18-Apr-17,5-7pm,TANK2,9,106,3,2,19,26,10,Anacropora,Anacropora_spinosa,ABSENT,A1,T3,22-Apr-17,24-Apr-17,Carrie,Disecting,no,3,7,0.3,0.044,29-Apr-17,Carrie,Disecting,no,3,0,1,0.3,0.044,Carrie,Disecting,no,3,0,0,1,0.04,1,0.3
13-Apr-17,18-Apr-17,5-7pm,TANK2,9,107,3,3,19,27,200,Anacropora,Anacropora_spinosa,ABSENT,A1,T3,22-Apr-17,24-Apr-17,Carrie,Disecting,no,86,114,0.43,1.253,29-Apr-17,Carrie,Disecting,no,85,1,0.99,0.425,1.238,Carrie,Disecting,no,82,3,4,0.96,1.19,0.95,0.41
13-Apr-17,18-Apr-17,5-7pm,TANK2,9,108,3,4,19,28,50,Anacropora,Anacropora_spinosa,ABSENT,A1,T3,22-Apr-17,24-Apr-17,Carrie,Disecting,no,33,17,0.66,0.481,29-Apr-17,Carrie,Disecting,no,29,4,0.88,0.58,0.422,Carrie,Disecting,no,29,0,4,1,0.42,0.88,0.58
12-Apr-17,18-Apr-17,4-5pm,TANK2,11,121,1,1,20,29,200,Acropora,Acropora_digitifera,ABSENT,A2,T1,22-Apr-17,22-Apr-17,John,Disecting,no,45,155,0.225,0.655,29-Apr-17,Sun,Dinoscope,no,43,2,0.96,0.215,0.626,Nick,Disecting,no,0,43,45,0,0,0,0
12-Apr-17,18-Apr-17,4-5pm,TANK2,11,122,1,2,20,30,100,Acropora,Acropora_digitifera,ABSENT,A2,T1,22-Apr-17,22-Apr-17,John,Disecting,no,30,70,0.3,0.437,29-Apr-17,Sun,Dinoscope,no,13,17,0.43,0.13,0.189,Nick,Disecting,no,3,10,27,0.23,0.04,0.1,0.03
12-Apr-17,18-Apr-17,4-5pm,TANK2,11,123,1,3,20,31,10,Acropora,Acropora_digitifera,ABSENT,A2,T1,22-Apr-17,22-Apr-17,John,Disecting,no,3,7,0.3,0.044,29-Apr-17,Sun,Dinoscope,no,2,1,0.67,0.2,0.029,Nick,Disecting,no,2,0,1,1,0.03,0.67,0.2
12-Apr-17,18-Apr-17,4-5pm,TANK2,11,124,1,4,20,32,50,Acropora,Acropora_digitifera,ABSENT,A2,T1,22-Apr-17,22-Apr-17,John,Disecting,no,37,13,0.74,0.539,29-Apr-17,Sun,Dinoscope,no,15,22,0.41,0.3,0.218,Nick,Disecting,no,9,6,28,0.6,0.13,0.24,0.18
12-Apr-17,18-Apr-17,4-5pm,TANK2,11,125,2,1,21,29,50,Acropora,Acropora_digitifera,ABSENT,A2,T2,22-Apr-17,22-Apr-17,John,Disecting,no,28,22,0.56,0.408,29-Apr-17,Sun,Dinoscope,no,22,6,0.79,0.44,0.32,Nick,Disecting,no,0,22,28,0,0,0,0
12-Apr-17,18-Apr-17,4-5pm,TANK2,11,127,2,3,21,31,200,Acropora,Acropora_digitifera,ABSENT,A2,T2,22-Apr-17,22-Apr-17,John,Disecting,no,11,189,0.055,0.16,29-Apr-17,Sun,Dinoscope,no,8,3,0.73,0.04,0.117,Nick,Disecting,no,2,6,9,0.25,0.03,0.18,0.01
12-Apr-17,18-Apr-17,4-5pm,TANK2,11,128,2,4,21,32,100,Acropora,Acropora_digitifera,ABSENT,A2,T2,22-Apr-17,22-Apr-17,John,Disecting,no,26,74,0.26,0.379,29-Apr-17,Sun,Dinoscope,no,22,4,0.85,0.22,0.32,Nick,Disecting,no,11,11,15,0.5,0.16,0.42,0.11
12-Apr-17,18-Apr-17,4-5pm,TANK2,11,129,3,1,22,29,200,Acropora,Acropora_digitifera,ABSENT,A2,T3,22-Apr-17,22-Apr-17,John,Disecting,no,6,194,0.03,0.087,29-Apr-17,Sun,Dinoscope,no,5,1,0.83,0.025,0.073,Nick,Disecting,no,3,2,3,0.6,0.04,0.5,0.015
12-Apr-17,18-Apr-17,4-5pm,TANK2,11,130,3,2,22,30,100,Acropora,Acropora_digitifera,ABSENT,A2,T3,22-Apr-17,22-Apr-17,John,Disecting,no,20,80,0.2,0.291,29-Apr-17,Sun,Dinoscope,no,18,2,0.9,0.18,0.262,Nick,Disecting,no,4,14,16,0.22,0.06,0.2,0.04
12-Apr-17,18-Apr-17,4-5pm,TANK2,11,131,3,3,22,31,50,Acropora,Acropora_digitifera,ABSENT,A2,T3,22-Apr-17,22-Apr-17,John,Disecting,no,32,18,0.64,0.466,29-Apr-17,Sun,Dinoscope,no,32,0,1,0.64,0.466,Nick,Disecting,no,7,25,25,0.22,0.1,0.22,0.14
13-Apr-17,19-Apr-17,6-7pm,TANK2,12,133,1,1,23,33,50,Acropora,Acropora_gemmifera,PRESENT,A2,T1,23-Apr-17,26-Apr-17,Sun,Dinoscope,no,1,49,0.02,0.015,01-May-17,Simo,Dinoscope,yes,1,0,1,0.02,0.015,Simo,Disecting,yes,1,0,0,1,0.01,1,0.02
13-Apr-17,19-Apr-17,6-7pm,TANK2,12,138,2,2,24,34,200,Acropora,Acropora_gemmifera,PRESENT,A2,T2,23-Apr-17,26-Apr-17,Sun,Dinoscope,no,1,199,0.005,0.015,01-May-17,Simo,Dinoscope,yes,1,0,1,0.005,0.015,Simo,Disecting,yes,1,0,0,1,0.01,1,0.005
13-Apr-17,19-Apr-17,6-7pm,TANK2,12,140,2,4,24,36,100,Acropora,Acropora_gemmifera,PRESENT,A2,T2,23-Apr-17,26-Apr-17,Sun,Dinoscope,no,1,99,0.01,0.015,01-May-17,Simo,Dinoscope,yes,0,1,0,0,0,Simo,Disecting,yes,0,0,1,0,0,0,0
13-Apr-17,18-Apr-17,5-7pm,TANK3,14,157,1,1,26,37,200,Anacropora,Anacropora_spinosa,PRESENT,A3,T1,23-Apr-17,26-Apr-17,Carrie,Disecting,no,100,100,0.5,1.456,01-May-17,Carrie,Disecting,no,82,18,0.82,0.41,1.194,Carrie,Disecting,yes,78,4,22,0.95,1.14,0.78,0.39
13-Apr-17,18-Apr-17,5-7pm,TANK3,14,158,1,2,26,38,100,Anacropora,Anacropora_spinosa,PRESENT,A3,T1,23-Apr-17,26-Apr-17,Carrie,Disecting,no,59,41,0.59,0.859,01-May-17,Carrie,Disecting,no,54,5,0.92,0.54,0.786,Carrie,Disecting,yes,48,6,11,0.89,0.7,0.81,0.48
13-Apr-17,18-Apr-17,5-7pm,TANK3,14,159,1,3,26,39,10,Anacropora,Anacropora_spinosa,PRESENT,A3,T1,23-Apr-17,26-Apr-17,Carrie,Disecting,no,2,8,0.2,0.029,01-May-17,Carrie,Disecting,no,2,0,1,0.2,0.029,Carrie,Disecting,yes,2,0,0,1,0.03,1,0.2
13-Apr-17,18-Apr-17,5-7pm,TANK3,14,160,1,4,26,40,50,Anacropora,Anacropora_spinosa,PRESENT,A3,T1,23-Apr-17,26-Apr-17,Carrie,Disecting,no,16,34,0.32,0.233,01-May-17,Carrie,Disecting,no,14,2,0.88,0.28,0.204,Carrie,Disecting,yes,13,1,3,0.93,0.19,0.81,0.26
13-Apr-17,18-Apr-17,5-7pm,TANK3,14,161,2,1,27,37,50,Anacropora,Anacropora_spinosa,PRESENT,A3,T2,23-Apr-17,26-Apr-17,Carrie,Disecting,no,25,25,0.5,0.364,01-May-17,Carrie,Disecting,no,25,0,1,0.5,0.364,Carrie,Disecting,yes,22,3,3,0.88,0.32,0.88,0.44
13-Apr-17,18-Apr-17,5-7pm,TANK3,14,162,2,2,27,38,10,Anacropora,Anacropora_spinosa,PRESENT,A3,T2,23-Apr-17,26-Apr-17,Carrie,Disecting,no,2,8,0.2,0.029,01-May-17,Carrie,Disecting,no,1,1,0.5,0.1,0.015,Carrie,Disecting,yes,1,0,1,1,0.01,0.5,0.1
13-Apr-17,18-Apr-17,5-7pm,TANK3,14,164,2,4,27,39,100,Anacropora,Anacropora_spinosa,PRESENT,A3,T2,23-Apr-17,26-Apr-17,Carrie,Disecting,no,50,50,0.5,0.728,01-May-17,Carrie,Disecting,no,48,2,0.96,0.48,0.699,Carrie,Disecting,yes,45,3,5,0.94,0.66,0.9,0.45
12-Apr-17,18-Apr-17,4-5pm,TANK3,15,169,1,1,28,41,50,Acropora,Acropora_digitifera,ABSENT,A3,T1,22-Apr-17,23-Apr-17,Carrie,Dinoscope,no,10,40,0.2,0.146,29-Apr-17,Sun,Dinoscope,no,8,2,0.8,0.16,0.117,Carrie,Disecting,no,3,5,7,0.38,0.04,0.3,0.06
12-Apr-17,18-Apr-17,4-5pm,TANK3,15,170,1,2,28,42,100,Acropora,Acropora_digitifera,ABSENT,A3,T1,22-Apr-17,23-Apr-17,Carrie,Dinoscope,no,8,92,0.08,0.117,29-Apr-17,Sun,Dinoscope,no,7,1,0.88,0.07,0.102,Carrie,Disecting,no,2,5,6,0.29,0.03,0.25,0.02
12-Apr-17,18-Apr-17,4-5pm,TANK3,15,171,1,3,28,43,10,Acropora,Acropora_digitifera,ABSENT,A3,T1,22-Apr-17,23-Apr-17,Carrie,Dinoscope,no,8,2,0.8,0.117,29-Apr-17,Sun,Dinoscope,no,5,3,0.63,0.5,0.073,Carrie,Disecting,no,5,0,3,1,0.07,0.63,0.5
12-Apr-17,18-Apr-17,4-5pm,TANK3,15,172,1,4,28,44,200,Acropora,Acropora_digitifera,ABSENT,A3,T1,22-Apr-17,23-Apr-17,Carrie,Dinoscope,no,70,130,0.35,1.02,29-Apr-17,Sun,Dinoscope,no,69,1,0.99,0.345,1.005,Carrie,Disecting,no,29,40,41,0.42,0.42,0.41,0.145
12-Apr-17,18-Apr-17,4-5pm,TANK3,15,174,2,2,29,42,200,Acropora,Acropora_digitifera,ABSENT,A3,T2,22-Apr-17,23-Apr-17,Carrie,Dinoscope,no,116,84,0.58,1.689,29-Apr-17,Sun,Dinoscope,no,114,2,0.98,0.57,1.66,Carrie,Disecting,no,17,97,99,0.15,0.25,0.15,0.085
12-Apr-17,18-Apr-17,4-5pm,TANK3,15,175,2,3,29,43,50,Acropora,Acropora_digitifera,ABSENT,A3,T2,22-Apr-17,23-Apr-17,Carrie,Dinoscope,no,38,12,0.76,0.553,29-Apr-17,Sun,Dinoscope,no,36,2,0.95,0.72,0.524,Carrie,Disecting,no,26,10,12,0.72,0.38,0.68,0.52
12-Apr-17,18-Apr-17,4-5pm,TANK3,15,176,2,4,29,44,100,Acropora,Acropora_digitifera,ABSENT,A3,T2,22-Apr-17,23-Apr-17,Carrie,Dinoscope,no,5,95,0.05,0.073,29-Apr-17,Sun,Dinoscope,no,5,0,1,0.05,0.073,Carrie,Disecting,no,2,3,3,0.4,0.03,0.4,0.02
12-Apr-17,18-Apr-17,4-5pm,TANK3,15,177,3,1,30,41,100,Acropora,Acropora_digitifera,ABSENT,A3,T3,22-Apr-17,23-Apr-17,Carrie,Dinoscope,no,26,74,0.26,0.379,29-Apr-17,Sun,Dinoscope,no,23,3,0.88,0.23,0.335,Carrie,Disecting,no,16,7,10,0.7,0.23,0.62,0.16
12-Apr-17,18-Apr-17,4-5pm,TANK3,15,178,3,2,30,42,10,Acropora,Acropora_digitifera,ABSENT,A3,T3,22-Apr-17,23-Apr-17,Carrie,Dinoscope,no,5,5,0.5,0.073,29-Apr-17,Sun,Dinoscope,no,3,2,0.6,0.3,0.044,Carrie,Disecting,no,1,2,4,0.33,0.01,0.2,0.1
12-Apr-17,18-Apr-17,4-5pm,TANK3,15,179,3,3,30,43,200,Acropora,Acropora_digitifera,ABSENT,A3,T3,22-Apr-17,23-Apr-17,Carrie,Dinoscope,no,173,27,0.865,2.52,29-Apr-17,Sun,Dinoscope,no,170,3,0.98,0.85,2.476,Carrie,Disecting,no,15,155,158,0.09,0.22,0.09,0.075
12-Apr-17,18-Apr-17,4-5pm,TANK3,15,180,3,4,30,44,50,Acropora,Acropora_digitifera,ABSENT,A3,T3,22-Apr-17,23-Apr-17,Carrie,Dinoscope,no,40,10,0.8,0.583,29-Apr-17,Sun,Dinoscope,no,39,1,0.98,0.78,0.568,Carrie,Disecting,no,16,23,24,0.41,0.23,0.4,0.32
13-Apr-17,19-Apr-17,6-7pm,TANK3,16,184,1,4,31,48,200,Acropora,Acropora_gemmifera,PRESENT,A3,T1,23-Apr-17,26-Apr-17,Sun,Dinoscope,no,2,198,0.01,0.029,01-May-17,Simo,Dinoscope,no,0,2,0,0,0,Carrie,Disecting,yes,0,0,2,0,0,0,0
13-Apr-17,19-Apr-17,6-7pm,TANK3,16,187,2,3,32,47,200,Acropora,Acropora_gemmifera,PRESENT,A3,T2,23-Apr-17,26-Apr-17,Sun,Dinoscope,no,1,199,0.005,0.015,01-May-17,Carrie,Disecting,no,0,1,0,0,0,Carrie,Disecting,yes,0,0,1,0,0,0,0
13-Apr-17,19-Apr-17,6-7pm,TANK3,16,189,3,1,33,45,100,Acropora,Acropora_gemmifera,PRESENT,A3,T3,23-Apr-17,26-Apr-17,Sun,Dinoscope,no,2,98,0.02,0.029,01-May-17,Carrie,Disecting,no,0,2,0,0,0,Carrie,Disecting,yes,0,0,2,0,0,0,0
13-Apr-17,19-Apr-17,6-7pm,TANK3,16,191,3,3,33,47,10,Acropora,Acropora_gemmifera,PRESENT,A3,T3,23-Apr-17,26-Apr-17,Sun,Dinoscope,no,1,9,0.1,0.015,01-May-17,Carrie,Disecting,no,0,1,0,0,0,Carrie,Disecting,yes,0,0,1,0,0,0,0
13-Apr-17,19-Apr-17,12-1pm,TANK3,17,193,1,1,34,49,200,Acropora,Acropora_gemmifera,ABSENT,A2,T1,23-Apr-17,24-Apr-17,Sun,Dinoscope,no,22,178,0.11,0.32,01-May-17,Sun,Dinoscope,no,20,2,0.91,0.1,0.291,Carrie,Disecting,no,8,12,14,0.4,0.12,0.36,0.04
13-Apr-17,19-Apr-17,12-1pm,TANK3,17,194,1,2,34,50,100,Acropora,Acropora_gemmifera,ABSENT,A2,T1,23-Apr-17,24-Apr-17,Sun,Dinoscope,no,3,97,0.03,0.044,01-May-17,Sun,Dinoscope,no,2,1,0.67,0.02,0.029,Carrie,Disecting,no,2,0,1,1,0.03,0.67,0.02
13-Apr-17,19-Apr-17,12-1pm,TANK3,17,195,1,3,34,51,10,Acropora,Acropora_gemmifera,ABSENT,A2,T1,23-Apr-17,24-Apr-17,Sun,Dinoscope,no,5,5,0.5,0.073,01-May-17,Sun,Dinoscope,no,0,5,0,0,0,Carrie,Disecting,no,0,0,5,0,0,0,0
13-Apr-17,19-Apr-17,12-1pm,TANK3,17,196,1,4,34,52,50,Acropora,Acropora_gemmifera,ABSENT,A2,T1,23-Apr-17,24-Apr-17,Sun,Dinoscope,no,7,43,0.14,0.102,01-May-17,Sun,Dinoscope,no,6,1,0.86,0.12,0.087,Carrie,Disecting,no,4,2,3,0.67,0.06,0.57,0.08
13-Apr-17,19-Apr-17,12-1pm,TANK3,17,197,2,1,35,49,50,Acropora,Acropora_gemmifera,ABSENT,A2,T2,23-Apr-17,25-Apr-17,Sun,Dinoscope,no,26,24,0.52,0.379,01-May-17,Sun,Dinoscope,no,23,3,0.88,0.46,0.335,Carrie,Disecting,no,19,4,7,0.83,0.28,0.73,0.38
13-Apr-17,19-Apr-17,12-1pm,TANK3,17,198,2,2,35,50,10,Acropora,Acropora_gemmifera,ABSENT,A2,T2,23-Apr-17,25-Apr-17,Sun,Dinoscope,no,5,5,0.5,0.073,01-May-17,Sun,Dinoscope,no,4,1,0.8,0.4,0.058,Carrie,Disecting,no,4,0,1,1,0.06,0.8,0.4
13-Apr-17,19-Apr-17,12-1pm,TANK3,17,199,2,3,35,51,200,Acropora,Acropora_gemmifera,ABSENT,A2,T2,23-Apr-17,25-Apr-17,Sun,Dinoscope,no,46,154,0.23,0.67,01-May-17,Sun,Dinoscope,no,25,21,0.54,0.125,0.364,Carrie,Disecting,no,23,2,23,0.92,0.33,0.5,0.115
13-Apr-17,19-Apr-17,12-1pm,TANK3,17,200,2,4,35,52,100,Acropora,Acropora_gemmifera,ABSENT,A2,T2,23-Apr-17,25-Apr-17,Sun,Dinoscope,no,65,35,0.65,0.947,01-May-17,Sun,Dinoscope,no,48,17,0.74,0.48,0.699,Carrie,Disecting,no,27,21,38,0.56,0.39,0.42,0.27
13-Apr-17,19-Apr-17,12-1pm,TANK3,17,201,3,1,36,49,200,Acropora,Acropora_gemmifera,ABSENT,A2,T3,23-Apr-17,25-Apr-17,Sun,Dinoscope,no,64,136,0.32,0.932,01-May-17,Sun,Dinoscope,no,58,6,0.91,0.29,0.845,Carrie,Disecting,no,19,39,45,0.33,0.28,0.3,0.095
13-Apr-17,19-Apr-17,12-1pm,TANK3,17,202,3,2,36,50,100,Acropora,Acropora_gemmifera,ABSENT,A2,T3,23-Apr-17,25-Apr-17,Sun,Dinoscope,no,73,27,0.73,1.063,01-May-17,Sun,Dinoscope,no,66,7,0.9,0.66,0.961,Carrie,Disecting,no,40,26,33,0.61,0.58,0.55,0.4
13-Apr-17,19-Apr-17,12-1pm,TANK3,17,203,3,3,36,51,50,Acropora,Acropora_gemmifera,ABSENT,A2,T3,23-Apr-17,25-Apr-17,Sun,Dinoscope,no,24,26,0.48,0.35,01-May-17,Sun,Dinoscope,no,22,2,0.92,0.44,0.32,Carrie,Disecting,no,11,11,13,0.5,0.16,0.46,0.22
13-Apr-17,19-Apr-17,12-1pm,TANK3,17,204,3,4,36,52,10,Acropora,Acropora_gemmifera,ABSENT,A2,T3,23-Apr-17,25-Apr-17,Sun,Dinoscope,no,4,6,0.4,0.058,01-May-17,Sun,Dinoscope,no,3,1,0.75,0.3,0.044,Carrie,Disecting,no,2,1,2,0.67,0.03,0.5,0.2
12-Apr-17,18-Apr-17,4-5pm,TANK3,18,205,1,1,37,53,50,Acropora,Acropora_digitifera,PRESENT,A2,T1,22-Apr-17,26-Apr-17,Sun,Dinoscope,no,48,2,0.96,0.699,30-Apr-17,Sun,Dinoscope,no,46,2,0.96,0.92,0.67,Nick,Disecting,no,8,38,40,0.17,0.12,0.17,0.16
12-Apr-17,18-Apr-17,4-5pm,TANK3,18,206,1,2,37,54,100,Acropora,Acropora_digitifera,PRESENT,A2,T1,22-Apr-17,26-Apr-17,Sun,Dinoscope,no,93,7,0.93,1.355,30-Apr-17,Sun,Dinoscope,no,80,13,0.86,0.8,1.165,Nick,Disecting,no,2,78,91,0.03,0.03,0.02,0.02
12-Apr-17,18-Apr-17,4-5pm,TANK3,18,207,1,3,37,55,10,Acropora,Acropora_digitifera,PRESENT,A2,T1,22-Apr-17,26-Apr-17,Sun,Dinoscope,no,1,9,0.1,0.015,30-Apr-17,Sun,Dinoscope,no,0,1,0,0,0,Carrie,Disecting,no,0,0,1,0,0,0,0
12-Apr-17,18-Apr-17,4-5pm,TANK3,18,208,1,4,37,56,200,Acropora,Acropora_digitifera,PRESENT,A2,T1,22-Apr-17,26-Apr-17,Sun,Dinoscope,no,31,169,0.155,0.452,30-Apr-17,Sun,Dinoscope,no,31,0,1,0.155,0.452,Carrie,Disecting,no,0,31,31,0,0,0,0
12-Apr-17,18-Apr-17,4-5pm,TANK3,18,210,2,2,38,54,200,Acropora,Acropora_digitifera,PRESENT,A2,T2,22-Apr-17,26-Apr-17,Sun,Dinoscope,no,27,173,0.135,0.393,30-Apr-17,Sun,Dinoscope,no,25,2,0.93,0.125,0.364,Carrie,Disecting,no,0,25,27,0,0,0,0
12-Apr-17,18-Apr-17,4-5pm,TANK3,18,211,2,3,38,55,50,Acropora,Acropora_digitifera,PRESENT,A2,T2,22-Apr-17,26-Apr-17,Sun,Dinoscope,no,5,45,0.1,0.073,30-Apr-17,Sun,Dinoscope,no,1,4,0.2,0.02,0.015,Carrie,Disecting,no,1,0,4,1,0.01,0.2,0.02
12-Apr-17,18-Apr-17,4-5pm,TANK3,18,212,2,4,38,56,100,Acropora,Acropora_digitifera,PRESENT,A2,T2,22-Apr-17,26-Apr-17,Sun,Dinoscope,no,82,18,0.82,1.194,30-Apr-17,Sun,Dinoscope,no,76,6,0.93,0.76,1.107,Carrie,Disecting,no,30,46,52,0.39,0.44,0.37,0.3
12-Apr-17,18-Apr-17,4-5pm,TANK3,18,213,3,1,39,53,100,Acropora,Acropora_digitifera,PRESENT,A2,T3,22-Apr-17,26-Apr-17,Sun,Dinoscope,no,87,13,0.87,1.267,30-Apr-17,Sun,Dinoscope,no,82,5,0.94,0.82,1.194,Carrie,Disecting,no,28,54,59,0.34,0.41,0.32,0.28
12-Apr-17,18-Apr-17,4-5pm,TANK3,18,214,3,2,39,54,10,Acropora,Acropora_digitifera,PRESENT,A2,T3,22-Apr-17,26-Apr-17,Sun,Dinoscope,no,10,0,1,0.146,30-Apr-17,Sun,Dinoscope,no,9,1,0.9,0.9,0.131,Carrie,Disecting,no,0,9,10,0,0,0,0
12-Apr-17,18-Apr-17,4-5pm,TANK3,18,215,3,3,39,55,200,Acropora,Acropora_digitifera,PRESENT,A2,T3,22-Apr-17,26-Apr-17,Sun,Dinoscope,no,130,70,0.65,1.893,30-Apr-17,Sun,Dinoscope,no,127,3,0.98,0.635,1.85,Carrie,Disecting,no,1,126,129,0.01,0.01,0.01,0.005
12-Apr-17,18-Apr-17,4-5pm,TANK3,18,216,3,4,39,56,50,Acropora,Acropora_digitifera,PRESENT,A2,T3,22-Apr-17,26-Apr-17,Sun,Dinoscope,no,2,48,0.04,0.029,30-Apr-17,Sun,Dinoscope,no,1,1,0.5,0.02,0.015,Carrie,Disecting,no,0,1,2,0,0,0,0
13-Apr-17,18-Apr-17,5-7pm,TANK4,20,229,1,1,40,57,200,Anacropora,Anacropora_spinosa,ABSENT,A2,T1,22-Apr-17,24-Apr-17,Carrie,Disecting,no,109,91,0.545,1.588,29-Apr-17,Carrie,Disecting,no,103,6,0.94,0.515,1.5,Carrie,Disecting,no,100,3,9,0.97,1.46,0.92,0.5
13-Apr-17,18-Apr-17,5-7pm,TANK4,20,230,1,2,40,58,100,Anacropora,Anacropora_spinosa,ABSENT,A2,T1,22-Apr-17,24-Apr-17,Carrie,Disecting,no,74,26,0.74,1.078,29-Apr-17,Carrie,Disecting,no,73,1,0.99,0.73,1.063,Carrie,Disecting,no,73,0,1,1,1.06,0.99,0.73
13-Apr-17,18-Apr-17,5-7pm,TANK4,20,231,1,3,40,59,10,Anacropora,Anacropora_spinosa,ABSENT,A2,T1,22-Apr-17,24-Apr-17,Carrie,Disecting,no,9,1,0.9,0.131,29-Apr-17,Carrie,Disecting,no,9,0,1,0.9,0.131,Carrie,Disecting,no,7,2,2,0.78,0.1,0.78,0.7
13-Apr-17,18-Apr-17,5-7pm,TANK4,20,232,1,4,40,60,50,Anacropora,Anacropora_spinosa,ABSENT,A2,T1,22-Apr-17,24-Apr-17,Carrie,Disecting,no,37,13,0.74,0.539,29-Apr-17,Carrie,Disecting,no,36,1,0.97,0.72,0.524,Carrie,Disecting,no,35,1,2,0.97,0.51,0.95,0.7
13-Apr-17,18-Apr-17,5-7pm,TANK4,20,233,2,1,41,57,50,Anacropora,Anacropora_spinosa,ABSENT,A2,T2,22-Apr-17,24-Apr-17,Carrie,Disecting,no,21,29,0.42,0.306,29-Apr-17,Carrie,Disecting,no,21,0,1,0.42,0.306,Carrie,Disecting,no,17,4,4,0.81,0.25,0.81,0.34
13-Apr-17,18-Apr-17,5-7pm,TANK4,20,234,2,2,41,58,10,Anacropora,Anacropora_spinosa,ABSENT,A2,T2,22-Apr-17,24-Apr-17,Carrie,Disecting,no,4,6,0.4,0.058,29-Apr-17,Carrie,Disecting,no,4,0,1,0.4,0.058,Carrie,Disecting,no,4,0,0,1,0.06,1,0.4
13-Apr-17,18-Apr-17,5-7pm,TANK4,20,235,2,3,41,59,200,Anacropora,Anacropora_spinosa,ABSENT,A2,T2,22-Apr-17,24-Apr-17,Carrie,Disecting,no,157,43,0.785,2.287,30-Apr-17,Carrie,Disecting,no,153,4,0.97,0.765,2.228,Carrie,Disecting,no,146,7,11,0.95,2.13,0.93,0.73
13-Apr-17,18-Apr-17,5-7pm,TANK4,20,236,2,4,41,60,100,Anacropora,Anacropora_spinosa,ABSENT,A2,T2,22-Apr-17,24-Apr-17,Carrie,Disecting,no,51,49,0.51,0.743,30-Apr-17,Carrie,Disecting,no,50,1,0.98,0.5,0.728,Carrie,Disecting,no,45,5,6,0.9,0.66,0.88,0.45
13-Apr-17,18-Apr-17,5-7pm,TANK4,20,237,3,1,42,57,200,Anacropora,Anacropora_spinosa,ABSENT,A2,T3,22-Apr-17,24-Apr-17,Carrie,Disecting,no,112,88,0.56,1.631,30-Apr-17,Carrie,Disecting,no,112,0,1,0.56,1.631,Carrie,Disecting,no,101,11,11,0.9,1.47,0.9,0.505
13-Apr-17,18-Apr-17,5-7pm,TANK4,20,238,3,2,42,58,100,Anacropora,Anacropora_spinosa,ABSENT,A2,T3,22-Apr-17,24-Apr-17,Carrie,Disecting,no,58,42,0.58,0.845,30-Apr-17,Carrie,Disecting,no,57,1,0.98,0.57,0.83,Carrie,Disecting,no,56,1,2,0.98,0.82,0.97,0.56
13-Apr-17,18-Apr-17,5-7pm,TANK4,20,239,3,3,42,59,50,Anacropora,Anacropora_spinosa,ABSENT,A2,T3,22-Apr-17,24-Apr-17,Carrie,Disecting,no,31,19,0.62,0.452,30-Apr-17,Carrie,Disecting,no,27,4,0.87,0.54,0.393,Carrie,Disecting,no,25,2,6,0.93,0.36,0.81,0.5
13-Apr-17,18-Apr-17,5-7pm,TANK4,20,240,3,4,42,60,10,Anacropora,Anacropora_spinosa,ABSENT,A2,T3,22-Apr-17,24-Apr-17,Carrie,Disecting,no,4,6,0.4,0.058,30-Apr-17,Carrie,Disecting,no,4,0,1,0.4,0.058,Carrie,Disecting,no,3,1,1,0.75,0.04,0.75,0.3
13-Apr-17,18-Apr-17,5-7pm,TANK4,22,253,1,1,43,61,10,Anacropora,Anacropora_spinosa,ABSENT,A3,T1,22-Apr-17,25-Apr-17,Carrie,Disecting,no,4,6,0.4,0.058,30-Apr-17,Carrie,Disecting,no,4,0,1,0.4,0.058,Carrie,Disecting,no,4,0,0,1,0.06,1,0.4
13-Apr-17,18-Apr-17,5-7pm,TANK4,22,254,1,2,43,62,50,Anacropora,Anacropora_spinosa,ABSENT,A3,T1,22-Apr-17,25-Apr-17,Carrie,Disecting,no,18,32,0.36,0.262,30-Apr-17,Carrie,Disecting,no,18,0,1,0.36,0.262,Carrie,Disecting,no,18,0,0,1,0.26,1,0.36
13-Apr-17,18-Apr-17,5-7pm,TANK4,22,255,1,3,43,63,100,Anacropora,Anacropora_spinosa,ABSENT,A3,T1,22-Apr-17,25-Apr-17,Carrie,Disecting,no,43,57,0.43,0.626,30-Apr-17,Carrie,Disecting,no,41,2,0.95,0.41,0.597,Carrie,Disecting,no,31,10,12,0.76,0.45,0.72,0.31
13-Apr-17,18-Apr-17,5-7pm,TANK4,22,256,1,4,43,64,200,Anacropora,Anacropora_spinosa,ABSENT,A3,T1,22-Apr-17,25-Apr-17,Carrie,Disecting,no,147,53,0.735,2.141,30-Apr-17,Carrie,Disecting,no,140,7,0.95,0.7,2.039,Carrie,Disecting,no,128,12,19,0.91,1.86,0.87,0.64
13-Apr-17,18-Apr-17,5-7pm,TANK4,22,257,2,1,44,61,50,Anacropora,Anacropora_spinosa,ABSENT,A3,T2,22-Apr-17,25-Apr-17,Carrie,Disecting,no,28,22,0.56,0.408,30-Apr-17,Carrie,Disecting,no,26,2,0.93,0.52,0.379,Carrie,Disecting,no,24,2,4,0.92,0.35,0.86,0.48
13-Apr-17,18-Apr-17,5-7pm,TANK4,22,258,2,2,44,62,10,Anacropora,Anacropora_spinosa,ABSENT,A3,T2,22-Apr-17,25-Apr-17,Carrie,Disecting,no,9,1,0.9,0.131,30-Apr-17,Carrie,Disecting,no,8,1,0.89,0.8,0.117,Carrie,Disecting,no,7,1,2,0.88,0.1,0.78,0.7
13-Apr-17,18-Apr-17,5-7pm,TANK4,22,259,2,3,44,63,200,Anacropora,Anacropora_spinosa,ABSENT,A3,T2,22-Apr-17,25-Apr-17,Carrie,Disecting,no,134,66,0.67,1.952,30-Apr-17,Carrie,Disecting,no,128,6,0.96,0.64,1.864,Carrie,Disecting,no,115,13,19,0.9,1.67,0.86,0.575
13-Apr-17,18-Apr-17,5-7pm,TANK4,22,260,2,4,44,64,100,Anacropora,Anacropora_spinosa,ABSENT,A3,T2,22-Apr-17,25-Apr-17,Carrie,Disecting,no,68,32,0.68,0.99,30-Apr-17,Carrie,Disecting,no,66,2,0.97,0.66,0.961,Carrie,Disecting,no,60,6,8,0.91,0.87,0.88,0.6
13-Apr-17,18-Apr-17,5-7pm,TANK4,22,261,3,1,45,61,100,Anacropora,Anacropora_spinosa,ABSENT,A3,T3,22-Apr-17,25-Apr-17,Carrie,Disecting,no,46,54,0.46,0.67,30-Apr-17,Carrie,Disecting,no,42,4,0.91,0.42,0.612,Carrie,Disecting,no,40,2,6,0.95,0.58,0.87,0.4
13-Apr-17,18-Apr-17,5-7pm,TANK4,22,262,3,2,45,62,200,Anacropora,Anacropora_spinosa,ABSENT,A3,T3,22-Apr-17,25-Apr-17,Carrie,Disecting,no,104,96,0.52,1.515,30-Apr-17,Carrie,Disecting,no,100,4,0.96,0.5,1.456,Carrie,Disecting,no,99,1,5,0.99,1.44,0.95,0.495
13-Apr-17,18-Apr-17,5-7pm,TANK4,22,263,3,3,45,63,10,Anacropora,Anacropora_spinosa,ABSENT,A3,T3,22-Apr-17,25-Apr-17,Carrie,Disecting,no,5,5,0.5,0.073,30-Apr-17,Carrie,Disecting,no,4,1,0.8,0.4,0.058,Carrie,Disecting,no,4,0,1,1,0.06,0.8,0.4
13-Apr-17,18-Apr-17,5-7pm,TANK4,22,264,3,4,45,64,50,Anacropora,Anacropora_spinosa,ABSENT,A3,T3,22-Apr-17,25-Apr-17,Carrie,Disecting,no,27,23,0.54,0.393,30-Apr-17,Carrie,Disecting,no,26,1,0.96,0.52,0.379,Carrie,Disecting,no,24,2,3,0.92,0.35,0.89,0.48
12-Apr-17,18-Apr-17,4-5pm,TANK4,23,265,1,1,46,65,200,Acropora,Acropora_digitifera,PRESENT,A3,T1,22-Apr-17,26-Apr-17,Sun,Dinoscope,yes,4,196,0.02,0.058,30-Apr-17,Sun,Dinoscope,yes,4,0,1,0.02,0.058,Carrie,Disecting,yes,2,2,2,0.5,0.03,0.5,0.01
12-Apr-17,18-Apr-17,4-5pm,TANK4,23,266,1,2,46,66,100,Acropora,Acropora_digitifera,PRESENT,A3,T1,22-Apr-17,26-Apr-17,Sun,Dinoscope,yes,17,83,0.17,0.248,30-Apr-17,Sun,Dinoscope,yes,16,1,0.94,0.16,0.233,Carrie,Disecting,yes,13,3,4,0.81,0.19,0.76,0.13
12-Apr-17,18-Apr-17,4-5pm,TANK4,23,267,1,3,46,67,10,Acropora,Acropora_digitifera,PRESENT,A3,T1,22-Apr-17,26-Apr-17,Sun,Dinoscope,yes,5,5,0.5,0.073,30-Apr-17,Sun,Dinoscope,yes,4,1,0.8,0.4,0.058,Carrie,Disecting,yes,4,0,1,1,0.06,0.8,0.4
12-Apr-17,18-Apr-17,4-5pm,TANK4,23,268,1,4,46,68,50,Acropora,Acropora_digitifera,PRESENT,A3,T1,22-Apr-17,26-Apr-17,Sun,Dinoscope,yes,2,48,0.04,0.029,30-Apr-17,Sun,Dinoscope,yes,2,0,1,0.04,0.029,Carrie,Disecting,yes,2,0,0,1,0.03,1,0.04
12-Apr-17,18-Apr-17,4-5pm,TANK4,23,269,2,1,47,65,50,Acropora,Acropora_digitifera,PRESENT,A3,T2,22-Apr-17,26-Apr-17,Sun,Dinoscope,yes,6,44,0.12,0.087,30-Apr-17,Sun,Dinoscope,yes,6,0,1,0.12,0.087,Carrie,Disecting,yes,6,0,0,1,0.09,1,0.12
12-Apr-17,18-Apr-17,4-5pm,TANK4,23,270,2,2,47,66,10,Acropora,Acropora_digitifera,PRESENT,A3,T2,22-Apr-17,26-Apr-17,Sun,Dinoscope,yes,1,9,0.1,0.015,30-Apr-17,Sun,Dinoscope,yes,1,0,1,0.1,0.015,Carrie,Disecting,yes,1,0,0,1,0.01,1,0.1
12-Apr-17,18-Apr-17,4-5pm,TANK4,23,271,2,3,47,67,200,Acropora,Acropora_digitifera,PRESENT,A3,T2,22-Apr-17,26-Apr-17,Sun,Dinoscope,yes,2,198,0.01,0.029,30-Apr-17,Sun,Dinoscope,yes,2,0,1,0.01,0.029,Carrie,Disecting,yes,2,0,0,1,0.03,1,0.01
12-Apr-17,18-Apr-17,4-5pm,TANK4,23,272,2,4,47,68,100,Acropora,Acropora_digitifera,PRESENT,A3,T2,22-Apr-17,26-Apr-17,Sun,Dinoscope,yes,62,38,0.62,0.903,30-Apr-17,Sun,Dinoscope,yes,59,3,0.95,0.59,0.859,Carrie,Disecting,yes,55,4,7,0.93,0.8,0.89,0.55
12-Apr-17,18-Apr-17,4-5pm,TANK4,23,273,3,1,48,65,200,Acropora,Acropora_digitifera,PRESENT,A3,T3,22-Apr-17,26-Apr-17,Sun,Dinoscope,yes,2,198,0.01,0.029,30-Apr-17,Sun,Dinoscope,yes,2,0,1,0.01,0.029,Carrie,Disecting,yes,2,0,0,1,0.03,1,0.01
12-Apr-17,18-Apr-17,4-5pm,TANK4,23,274,3,2,48,66,100,Acropora,Acropora_digitifera,PRESENT,A3,T3,22-Apr-17,26-Apr-17,Sun,Dinoscope,yes,1,99,0.01,0.015,30-Apr-17,Sun,Dinoscope,yes,1,0,1,0.01,0.015,Carrie,Disecting,yes,1,0,0,1,0.01,1,0.01
12-Apr-17,18-Apr-17,4-5pm,TANK4,23,275,3,3,48,67,50,Acropora,Acropora_digitifera,PRESENT,A3,T3,22-Apr-17,26-Apr-17,Sun,Dinoscope,yes,4,46,0.08,0.058,30-Apr-17,Sun,Dinoscope,yes,4,0,1,0.08,0.058,Carrie,Disecting,yes,3,1,1,0.75,0.04,0.75,0.06
12-Apr-17,18-Apr-17,4-5pm,TANK4,23,276,3,4,48,68,10,Acropora,Acropora_digitifera,PRESENT,A3,T3,22-Apr-17,26-Apr-17,Sun,Dinoscope,yes,3,7,0.3,0.044,30-Apr-17,Sun,Dinoscope,yes,3,0,1,0.3,0.044,Carrie,Disecting,yes,3,0,0,1,0.04,1,0.3
13-Apr-17,19-Apr-17,12-1pm,TANK4,24,277,1,1,49,69,50,Acropora,Acropora_gemmifera,ABSENT,A3,T1,23-Apr-17,25-Apr-17,Sun,Dinoscope,no,17,33,0.34,0.248,01-May-17,Sun,Dinoscope,no,14,3,0.82,0.28,0.204,Carrie,Disecting,no,7,7,10,0.5,0.1,0.41,0.14
13-Apr-17,19-Apr-17,12-1pm,TANK4,24,278,1,2,49,70,100,Acropora,Acropora_gemmifera,ABSENT,A3,T1,23-Apr-17,25-Apr-17,Sun,Dinoscope,no,29,71,0.29,0.422,01-May-17,Sun,Dinoscope,no,23,6,0.79,0.23,0.335,Carrie,Disecting,no,1,22,28,0.04,0.01,0.03,0.01
13-Apr-17,19-Apr-17,12-1pm,TANK4,24,279,1,3,49,71,10,Acropora,Acropora_gemmifera,ABSENT,A3,T1,23-Apr-17,25-Apr-17,Sun,Dinoscope,no,7,3,0.7,0.102,01-May-17,Sun,Dinoscope,no,6,1,0.86,0.6,0.087,Carrie,Disecting,no,5,1,2,0.83,0.07,0.71,0.5
13-Apr-17,19-Apr-17,12-1pm,TANK4,24,280,1,4,49,72,200,Acropora,Acropora_gemmifera,ABSENT,A3,T1,23-Apr-17,25-Apr-17,Sun,Dinoscope,no,174,26,0.87,2.534,01-May-17,Sun,Dinoscope,no,166,8,0.95,0.83,2.418,Carrie,Disecting,no,74,92,100,0.45,1.08,0.43,0.37
13-Apr-17,19-Apr-17,12-1pm,TANK4,24,281,2,1,50,69,10,Acropora,Acropora_gemmifera,ABSENT,A3,T2,23-Apr-17,25-Apr-17,Sun,Dinoscope,no,4,6,0.4,0.058,01-May-17,Sun,Dinoscope,no,3,1,0.75,0.3,0.044,Carrie,Disecting,no,1,2,3,0.33,0.01,0.25,0.1
13-Apr-17,19-Apr-17,12-1pm,TANK4,24,282,2,2,50,70,200,Acropora,Acropora_gemmifera,ABSENT,A3,T2,23-Apr-17,25-Apr-17,Sun,Dinoscope,no,119,81,0.595,1.733,01-May-17,Sun,Dinoscope,no,108,11,0.91,0.54,1.573,Carrie,Disecting,no,27,81,92,0.25,0.39,0.23,0.135
13-Apr-17,19-Apr-17,12-1pm,TANK4,24,283,2,3,50,71,50,Acropora,Acropora_gemmifera,ABSENT,A3,T2,23-Apr-17,25-Apr-17,Sun,Dinoscope,no,19,31,0.38,0.277,01-May-17,Sun,Dinoscope,no,18,1,0.95,0.36,0.262,Carrie,Disecting,no,3,15,16,0.17,0.04,0.16,0.06
13-Apr-17,19-Apr-17,12-1pm,TANK4,24,284,2,4,50,72,100,Acropora,Acropora_gemmifera,ABSENT,A3,T2,23-Apr-17,25-Apr-17,Sun,Dinoscope,no,47,53,0.47,0.685,01-May-17,Sun,Dinoscope,no,44,3,0.94,0.44,0.641,Carrie,Disecting,no,29,15,18,0.66,0.42,0.62,0.29
13-Apr-17,19-Apr-17,12-1pm,TANK4,24,285,3,1,51,69,100,Acropora,Acropora_gemmifera,ABSENT,A3,T3,23-Apr-17,25-Apr-17,Sun,Dinoscope,no,39,61,0.39,0.568,01-May-17,Sun,Dinoscope,no,39,0,1,0.39,0.568,Carrie,Disecting,no,18,21,21,0.46,0.26,0.46,0.18
13-Apr-17,19-Apr-17,12-1pm,TANK4,24,286,3,2,51,70,10,Acropora,Acropora_gemmifera,ABSENT,A3,T3,23-Apr-17,25-Apr-17,Sun,Dinoscope,no,3,7,0.3,0.044,01-May-17,Sun,Dinoscope,no,3,0,1,0.3,0.044,Carrie,Disecting,no,1,2,2,0.33,0.01,0.33,0.1
13-Apr-17,19-Apr-17,12-1pm,TANK4,24,287,3,3,51,71,200,Acropora,Acropora_gemmifera,ABSENT,A3,T3,23-Apr-17,25-Apr-17,Sun,Dinoscope,no,52,148,0.26,0.757,01-May-17,Sun,Dinoscope,no,50,2,0.96,0.25,0.728,Carrie,Disecting,no,22,28,30,0.44,0.32,0.42,0.11
13-Apr-17,19-Apr-17,12-1pm,TANK4,24,288,3,4,51,72,50,Acropora,Acropora_gemmifera,ABSENT,A3,T3,23-Apr-17,25-Apr-17,Sun,Dinoscope,no,38,12,0.76,0.553,01-May-17,Sun,Dinoscope,no,36,2,0.95,0.72,0.524,Carrie,Disecting,no,13,23,25,0.36,0.19,0.34,0.26
